
INSERT INTO FAE(N1,NOM8) VALUES(1, 'BOSQUE VERDE ETAPA 2');
INSERT INTO FAE(N1,NOM8) VALUES(2, 'MONTE OSCURO ETAPA 1');
INSERT INTO FAE(N1,NOM8) VALUES(3, 'CAMPO EUC. TEMUCO 1');
INSERT INTO FAE(N1,NOM8) VALUES(4, 'CAMPO EUC. TEMUCO 2');
INSERT INTO FAE(N1,NOM8) VALUES(5, 'SIERRA NEVADA MONTE 4');

INSERT INTO ACO(ID4,NOM7) VALUES(1,'ZONA1');
INSERT INTO ACO(ID4,NOM7) VALUES(2,'ZONA9'); --ERROR INTENCIONAL (VALOR DEBERIA SER ZONA2)
INSERT INTO ACO(ID4,NOM7) VALUES(3,'ZONA3');
INSERT INTO ACO(ID4,NOM7) VALUES(4,'ZONA4');
INSERT INTO ACO(ID4,NOM7) VALUES(5,'ZONA5');

INSERT INTO COS(RUT2,DV2,NOM2) VALUES(35466756,'7','FORESTAL EL TEMUCANO'); --ERROR INTENCIONAL(NUM RUT DEBERIA 45466756)
INSERT INTO COS(RUT2,DV2,NOM2) VALUES(55232545,'1','FORESTAL CERRO GRIS');
INSERT INTO COS(RUT2,DV2,NOM2) VALUES(47466003,'5','FORESTAL JACK EL LEÑADOR');

INSERT INTO CIU(ID2,NOM3) VALUES(1,'TEMUCO');
INSERT INTO CIU(ID2,NOM3) VALUES(2,'VILLARRICA'); --ERROR INTENCIONAL(COMUNA DEBERÍA SER PUCÓN)
INSERT INTO CIU(ID2,NOM3) VALUES(3,'LONQUIMAY');

INSERT INTO TRA1(RUT3,DV3,NOM4) VALUES(56898787,'7', 'TRANSPORTES CID S.A');
INSERT INTO TRA1(RUT3,DV3,NOM4) VALUES(62343555,'2', 'CARGOFAST E.I.R.L.');
INSERT INTO TRA1(RUT3,DV3,NOM4) VALUES(62020444,'6', 'TRANSPORTES GARCÍA S.P.A.');

INSERT INTO REC1(RUT5,DV5,NOM6,AP5,AP6) VALUES(16545767,'8','JUAN CARLOS','BODOQUE','AVENDAÑO');
INSERT INTO REC1(RUT5,DV5,NOM6,AP5,AP6) VALUES(20545767,'9','CAMILA','RAMIREZ','ACEVEDO');
INSERT INTO REC1(RUT5,DV5,NOM6,AP5,AP6) VALUES(16549873,'8','RAUL ALEJANDRO','SAEZ','SAEZ');

INSERT INTO TRA2(RUT4,DV4,NOM5,AP3,AP4,PAT) VALUES(12343556,'6','JAVIER IGNACIO','AGUILERA','NUÑEZ','SD9191');
INSERT INTO TRA2(RUT4,DV4,NOM5,AP3,AP4,PAT) VALUES(17606442,'0','RODRIGO MANUEL','SOTO','MORALES','ACDC69');
INSERT INTO TRA2(RUT4,DV4,NOM5,AP3,AP4,PAT) VALUES(19545787,'3','CAROLINA ALEJANDRA','OBREQUE','ASTETE','HELL66');
INSERT INTO TRA2(RUT4,DV4,NOM5,AP3,AP4,PAT) VALUES(11434776,'4','SEBASTIÁN IGNACIO','AGUILERA','VILLARROEL','ZE0007');
INSERT INTO TRA2(RUT4,DV4,NOM5,AP3,AP4,PAT) VALUES(14434667,'6','JOSÉ CARLOS','MARTINEZ','CONEJEROS','AFAR17');

INSERT INTO GUIA(N2,DIA2,MES2,ANN2) VALUES(101,01,01,2022);
INSERT INTO GUIA(N2,DIA2,MES2,ANN2) VALUES(102,02,01,2022);
INSERT INTO GUIA(N2,DIA2,MES2,ANN2) VALUES(103,07,01,2022);
INSERT INTO GUIA(N2,DIA2,MES2,ANN2) VALUES(104,09,01,2022);
INSERT INTO GUIA(N2,DIA2,MES2,ANN2) VALUES(105,10,01,2022);
INSERT INTO GUIA(N2,DIA2,MES2,ANN2) VALUES(106,14,01,2022);
INSERT INTO GUIA(N2,DIA2,MES2,ANN2) VALUES(107,16,01,2022);
INSERT INTO GUIA(N2,DIA2,MES2,ANN2) VALUES(108,16,01,2022);
INSERT INTO GUIA(N2,DIA2,MES2,ANN2) VALUES(109,17,01,2022);
INSERT INTO GUIA(N2,DIA2,MES2,ANN2) VALUES(110,25,01,2022);
INSERT INTO GUIA(N2,DIA2,MES2,ANN2) VALUES(111,25,01,2022);
INSERT INTO GUIA(N2,DIA2,MES2,ANN2) VALUES(112,25,01,2022);
INSERT INTO GUIA(N2,DIA2,MES2,ANN2) VALUES(113,25,01,2022);
INSERT INTO GUIA(N2,DIA2,MES2,ANN2) VALUES(114,25,01,2022);
INSERT INTO GUIA(N2,DIA2,MES2,ANN2) VALUES(115,30,01,2022);
INSERT INTO GUIA(N2,DIA2,MES2,ANN2) VALUES(116,02,02,2022);
INSERT INTO GUIA(N2,DIA2,MES2,ANN2) VALUES(117,03,02,2022);
INSERT INTO GUIA(N2,DIA2,MES2,ANN2) VALUES(118,10,02,2022);
INSERT INTO GUIA(N2,DIA2,MES2,ANN2) VALUES(119,20,02,2022);
INSERT INTO GUIA(N2,DIA2,MES2,ANN2) VALUES(120,25,02,2022);

INSERT INTO REC(ID3,DIA3,MES3,ANN3,H1,M1,PRO_RUT1,CAR_ID1,TRA2_RUT4,ACO_ID4,CIU_ID2,GUIA_N2,REC1_RUT5)
VALUES(101,01,01,2022,10,33,12333456,1,12343556,1,1,101,16545767);
INSERT INTO REC(ID3,DIA3,MES3,ANN3,H1,M1,PRO_RUT1,CAR_ID1,TRA2_RUT4,ACO_ID4,CIU_ID2,GUIA_N2,REC1_RUT5)
VALUES(102,02,01,2022,14,02,12333456,2,12343556,2,1,102,16545767);
INSERT INTO REC(ID3,DIA3,MES3,ANN3,H1,M1,PRO_RUT1,CAR_ID1,TRA2_RUT4,ACO_ID4,CIU_ID2,GUIA_N2,REC1_RUT5)
VALUES(103,07,01,2022,18,44,12333456,3,12343556,3,1,103,16545767);
INSERT INTO REC(ID3,DIA3,MES3,ANN3,H1,M1,PRO_RUT1,CAR_ID1,TRA2_RUT4,ACO_ID4,CIU_ID2,GUIA_N2,REC1_RUT5)
VALUES(104,09,01,2022,09,14,7566708,4,12343556,4,2,104,16545767);
INSERT INTO REC(ID3,DIA3,MES3,ANN3,H1,M1,PRO_RUT1,CAR_ID1,TRA2_RUT4,ACO_ID4,CIU_ID2,GUIA_N2,REC1_RUT5)
VALUES(105,10,01,2022,12,04,7566708,5,12343556,5,2,105,16545767);
INSERT INTO REC(ID3,DIA3,MES3,ANN3,H1,M1,PRO_RUT1,CAR_ID1,TRA2_RUT4,ACO_ID4,CIU_ID2,GUIA_N2,REC1_RUT5)
VALUES(106,14,01,2022,17,44,7566708,6,17606442,3,2,106,20545767);
INSERT INTO REC(ID3,DIA3,MES3,ANN3,H1,M1,PRO_RUT1,CAR_ID1,TRA2_RUT4,ACO_ID4,CIU_ID2,GUIA_N2,REC1_RUT5)
VALUES(107,16,01,2022,10,20,7566708,7,17606442,2,2,107,20545767);
INSERT INTO REC(ID3,DIA3,MES3,ANN3,H1,M1,PRO_RUT1,CAR_ID1,TRA2_RUT4,ACO_ID4,CIU_ID2,GUIA_N2,REC1_RUT5)
VALUES(108,16,01,2022,11,24,7566708,8,17606442,5,2,108,20545767);
INSERT INTO REC(ID3,DIA3,MES3,ANN3,H1,M1,PRO_RUT1,CAR_ID1,TRA2_RUT4,ACO_ID4,CIU_ID2,GUIA_N2,REC1_RUT5)
VALUES(109,17,01,2022,16,34,7566708,9,19545787,1,2,109,16549873);
INSERT INTO REC(ID3,DIA3,MES3,ANN3,H1,M1,PRO_RUT1,CAR_ID1,TRA2_RUT4,ACO_ID4,CIU_ID2,GUIA_N2,REC1_RUT5)
VALUES(110,25,01,2022,16,02,7566708,10,19545787,5,2,110,16549873);
INSERT INTO REC(ID3,DIA3,MES3,ANN3,H1,M1,PRO_RUT1,CAR_ID1,TRA2_RUT4,ACO_ID4,CIU_ID2,GUIA_N2,REC1_RUT5)
VALUES(111,25,01,2022,07,22,7566708,11,19545787,3,2,111,16549873);
INSERT INTO REC(ID3,DIA3,MES3,ANN3,H1,M1,PRO_RUT1,CAR_ID1,TRA2_RUT4,ACO_ID4,CIU_ID2,GUIA_N2,REC1_RUT5)
VALUES(112,25,01,2022,08,57,18434656,12,19545787,4,1,112,16549873);
INSERT INTO REC(ID3,DIA3,MES3,ANN3,H1,M1,PRO_RUT1,CAR_ID1,TRA2_RUT4,ACO_ID4,CIU_ID2,GUIA_N2,REC1_RUT5)
VALUES(113,25,01,2022,13,57,18434656,13,11434776,4,1,113,16549873);
INSERT INTO REC(ID3,DIA3,MES3,ANN3,H1,M1,PRO_RUT1,CAR_ID1,TRA2_RUT4,ACO_ID4,CIU_ID2,GUIA_N2,REC1_RUT5)
VALUES(114,25,01,2022,19,05,18434656,14,11434776,5,1,114,16549873);
INSERT INTO REC(ID3,DIA3,MES3,ANN3,H1,M1,PRO_RUT1,CAR_ID1,TRA2_RUT4,ACO_ID4,CIU_ID2,GUIA_N2,REC1_RUT5)
VALUES(115,30,01,2022,9,35,19643221,15,11434776,1,3,115,16549873);
INSERT INTO REC(ID3,DIA3,MES3,ANN3,H1,M1,PRO_RUT1,CAR_ID1,TRA2_RUT4,ACO_ID4,CIU_ID2,GUIA_N2,REC1_RUT5)
VALUES(116,02,02,2022,19,04,19643221,16,11434776,2,3,116,16549873);
INSERT INTO REC(ID3,DIA3,MES3,ANN3,H1,M1,PRO_RUT1,CAR_ID1,TRA2_RUT4,ACO_ID4,CIU_ID2,GUIA_N2,REC1_RUT5)
VALUES(117,03,02,2022,8,54,19643221,17,14434667,4,3,117,20545767);
INSERT INTO REC(ID3,DIA3,MES3,ANN3,H1,M1,PRO_RUT1,CAR_ID1,TRA2_RUT4,ACO_ID4,CIU_ID2,GUIA_N2,REC1_RUT5)
VALUES(118,10,02,2022,18,01,19643221,18,14434667,5,3,118,20545767);
INSERT INTO REC(ID3,DIA3,MES3,ANN3,H1,M1,PRO_RUT1,CAR_ID1,TRA2_RUT4,ACO_ID4,CIU_ID2,GUIA_N2,REC1_RUT5)
VALUES(119,20,02,2022,8,05,19643221,19,19545787,5,3,119,16545767);
INSERT INTO REC(ID3,DIA3,MES3,ANN3,H1,M1,PRO_RUT1,CAR_ID1,TRA2_RUT4,ACO_ID4,CIU_ID2,GUIA_N2,REC1_RUT5)
VALUES(120,25,02,2022,16,15,19643221,20,19545787,4,3,120,16545767);